Workbook

Sheet 매출성과표
B1: 연간/월별 매출 지표
B2: 대분류 | C2: 분류 | D2: 항목 | E2: 합계 | F2: 1월 | G2: 2월 | H2: 3월 | I2: 4월 | J2: 5월 | K2: 6월 | L2: 7월 | M2: 8월 | N2: 9월 | O2: 10월 | P2: 11월 | Q2: 12월 | R2: 월평균 | S2: 총매출/이익 대비비율
B3: 중포장 | C3: 25kg | D3: 출고수량 | E3: =SUM(F3:Q3) -> 0 | F3: ='1월'!L5 -> 0 | G3: ='2월'!$L$4 -> 0 | H3: ='3월'!$L$4 -> 0 | I3: ='4월'!$L$4 -> 0 | J3: ='5월'!$L$4 -> 0 | K3: ='6월'!$L$4 -> 0 | L3: ='7월'!$L$4 -> 0 | M3: ='8월'!$L$4 -> 0 | N3: ='9월'!$L$4 -> 0 | O3: ='10월'!$L$4 -> 0 | P3: ='11월'!$L$4 -> 0 | Q3: ='12월'!$L$4 -> 0 | R3: =AVERAGE(F3:Q3) -> 0
D4: 매출액 | E4: =SUM(F4:Q4) -> 0 | F4: ='1월'!M5 -> 0 | G4: ='2월'!$M4 -> 0 | H4: ='3월'!$M4 -> 0 | I4: ='4월'!$M4 -> 0 | J4: ='5월'!$M4 -> 0 | K4: ='6월'!$M4 -> 0 | L4: ='7월'!$M4 -> 0 | M4: ='8월'!$M4 -> 0 | N4: ='9월'!$M4 -> 0 | O4: ='10월'!$M4 -> 0 | P4: ='11월'!$M4 -> 0 | Q4: ='12월'!$M4 -> 0 | R4: =AVERAGE(F4:Q4) -> 0 | S4: =E4/E33 -> #DIV/0!
D5: 이익 | E5: =SUM(F5:Q5) -> 0 | F5: ='1월'!N5 -> 0 | G5: ='2월'!$N4 -> 0 | H5: ='3월'!$N4 -> 0 | I5: ='4월'!$N4 -> 0 | J5: ='5월'!$N4 -> 0 | K5: ='6월'!$N4 -> 0 | L5: ='7월'!$N4 -> 0 | M5: ='8월'!$N4 -> 0 | N5: ='9월'!$N4 -> 0 | O5: ='10월'!$N4 -> 0 | P5: ='11월'!$N4 -> 0 | Q5: ='12월'!$N4 -> 0 | R5: =AVERAGE(F5:Q5) -> 0 | S5: =E5/E34 -> #DIV/0!
C6: 25kgAL | D6: 출고수량 | E6: =SUM(F6:Q6) -> 0 | F6: ='1월'!L6 -> 0 | G6: ='2월'!$L5 -> 0 | H6: ='3월'!$L5 -> 0 | I6: ='4월'!$L5 -> 0 | J6: ='5월'!$L5 -> 0 | K6: ='6월'!$L5 -> 0 | L6: ='7월'!$L5 -> 0 | M6: ='8월'!$L5 -> 0 | N6: ='9월'!$L5 -> 0 | O6: ='10월'!$L5 -> 0 | P6: ='11월'!$L5 -> 0 | Q6: ='12월'!$L5 -> 0 | R6: =AVERAGE(F6:Q6) -> 0
D7: 매출액 | E7: =SUM(F7:Q7) -> 0 | F7: ='1월'!M6 -> 0 | G7: ='2월'!$M5 -> 0 | H7: ='3월'!$M5 -> 0 | I7: ='4월'!$M5 -> 0 | J7: ='5월'!$M5 -> 0 | K7: ='6월'!$M5 -> 0 | L7: ='7월'!$M5 -> 0 | M7: ='8월'!$M5 -> 0 | N7: ='9월'!$M5 -> 0 | O7: ='10월'!$M5 -> 0 | P7: ='11월'!$M5 -> 0 | Q7: ='12월'!$M5 -> 0 | R7: =AVERAGE(F7:Q7) -> 0 | S7: =E7/E33 -> #DIV/0!
D8: 이익 | E8: =SUM(F8:Q8) -> 0 | F8: ='1월'!N6 -> 0 | G8: ='2월'!$N5 -> 0 | H8: ='3월'!$N5 -> 0 | I8: ='4월'!$N5 -> 0 | J8: ='5월'!$N5 -> 0 | K8: ='6월'!$N5 -> 0 | L8: ='7월'!$N5 -> 0 | M8: ='8월'!$N5 -> 0 | N8: ='9월'!$N5 -> 0 | O8: ='10월'!$N5 -> 0 | P8: ='11월'!$N5 -> 0 | Q8: ='12월'!$N5 -> 0 | R8: =AVERAGE(F8:Q8) -> 0 | S8: =E8/E34 -> #DIV/0!
B9: 대포장 | C9: 톤백 700미만 | D9: 출고수량 | E9: =SUM(F9:Q9) -> 0 | F9: ='1월'!L7 -> 0 | G9: ='2월'!$L6 -> 0 | H9: ='3월'!$L6 -> 0 | I9: ='4월'!$L6 -> 0 | J9: ='5월'!$L6 -> 0 | K9: ='6월'!$L6 -> 0 | L9: ='7월'!$L6 -> 0 | M9: ='8월'!$L6 -> 0 | N9: ='9월'!$L6 -> 0 | O9: ='10월'!$L6 -> 0 | P9: ='11월'!$L6 -> 0 | Q9: ='12월'!$L6 -> 0 | R9: =AVERAGE(F9:Q9) -> 0
D10: 매출액 | E10: =SUM(F10:Q10) -> 0 | F10: ='1월'!M7 -> 0 | G10: ='2월'!$M6 -> 0 | H10: ='3월'!$M6 -> 0 | I10: ='4월'!$M6 -> 0 | J10: ='5월'!$M6 -> 0 | K10: ='6월'!$M6 -> 0 | L10: ='7월'!$M6 -> 0 | M10: ='8월'!$M6 -> 0 | N10: ='9월'!$M6 -> 0 | O10: ='10월'!$M6 -> 0 | P10: ='11월'!$M6 -> 0 | Q10: ='12월'!$M6 -> 0 | R10: =AVERAGE(F10:Q10) -> 0 | S10: =E10/E33 -> #DIV/0!
D11: 이익 | E11: =SUM(F11:Q11) -> 0 | F11: ='1월'!N7 -> 0 | G11: ='2월'!$N6 -> 0 | H11: ='3월'!$N6 -> 0 | I11: ='4월'!$N6 -> 0 | J11: ='5월'!$N6 -> 0 | K11: ='6월'!$N6 -> 0 | L11: ='7월'!$N6 -> 0 | M11: ='8월'!$N6 -> 0 | N11: ='9월'!$N6 -> 0 | O11: ='10월'!$N6 -> 0 | P11: ='11월'!$N6 -> 0 | Q11: ='12월'!$N6 -> 0 | R11: =AVERAGE(F11:Q11) -> 0 | S11: =E11/E34 -> #DIV/0!
C12: 톤백 700이상 | D12: 출고수량 | E12: =SUM(F12:Q12) -> 0 | F12: ='1월'!L8 -> 0 | G12: ='2월'!$L7 -> 0 | H12: ='3월'!$L7 -> 0 | I12: ='4월'!$L7 -> 0 | J12: ='5월'!$L7 -> 0 | K12: ='6월'!$L7 -> 0 | L12: ='7월'!$L7 -> 0 | M12: ='8월'!$L7 -> 0 | N12: ='9월'!$L7 -> 0 | O12: ='10월'!$L7 -> 0 | P12: ='11월'!$L7 -> 0 | Q12: ='12월'!$L7 -> 0 | R12: =AVERAGE(F12:Q12) -> 0
D13: 매출액 | E13: =SUM(F13:Q13) -> 0 | F13: ='1월'!M8 -> 0 | G13: ='2월'!$M7 -> 0 | H13: ='3월'!$M7 -> 0 | I13: ='4월'!$M7 -> 0 | J13: ='5월'!$M7 -> 0 | K13: ='6월'!$M7 -> 0 | L13: ='7월'!$M7 -> 0 | M13: ='8월'!$M7 -> 0 | N13: ='9월'!$M7 -> 0 | O13: ='10월'!$M7 -> 0 | P13: ='11월'!$M7 -> 0 | Q13: ='12월'!$M7 -> 0 | R13: =AVERAGE(F13:Q13) -> 0 | S13: =E13/E33 -> #DIV/0!
D14: 이익 | E14: =SUM(F14:Q14) -> 0 | F14: ='1월'!N8 -> 0 | G14: ='2월'!$N7 -> 0 | H14: ='3월'!$N7 -> 0 | I14: ='4월'!$N7 -> 0 | J14: ='5월'!$N7 -> 0 | K14: ='6월'!$N7 -> 0 | L14: ='7월'!$N7 -> 0 | M14: ='8월'!$N7 -> 0 | N14: ='9월'!$N7 -> 0 | O14: ='10월'!$N7 -> 0 | P14: ='11월'!$N7 -> 0 | Q14: ='12월'!$N7 -> 0 | R14: =AVERAGE(F14:Q14) -> 0 | S14: =E14/E34 -> #DIV/0!
C15: 톤백 특수 | D15: 출고수량 | E15: =SUM(F15:Q15) -> 0 | F15: ='1월'!L9 -> 0 | G15: ='2월'!$L8 -> 0 | H15: ='3월'!$L8 -> 0 | I15: ='4월'!$L8 -> 0 | J15: ='5월'!$L8 -> 0 | K15: ='6월'!$L8 -> 0 | L15: ='7월'!$L8 -> 0 | M15: ='8월'!$L8 -> 0 | N15: ='9월'!$L8 -> 0 | O15: ='10월'!$L8 -> 0 | P15: ='11월'!$L8 -> 0 | Q15: ='12월'!$L8 -> 0 | R15: =AVERAGE(F15:Q15) -> 0
D16: 매출액 | E16: =SUM(F16:Q16) -> 0 | F16: ='1월'!M9 -> 0 | G16: ='2월'!$M8 -> 0 | H16: ='3월'!$M8 -> 0 | I16: ='4월'!$M8 -> 0 | J16: ='5월'!$M8 -> 0 | K16: ='6월'!$M8 -> 0 | L16: ='7월'!$M8 -> 0 | M16: ='8월'!$M8 -> 0 | N16: ='9월'!$M8 -> 0 | O16: ='10월'!$M8 -> 0 | P16: ='11월'!$M8 -> 0 | Q16: ='12월'!$M8 -> 0 | R16: =AVERAGE(F16:Q16) -> 0 | S16: =E16/E33 -> #DIV/0!
D17: 이익 | E17: =SUM(F17:Q17) -> 0 | F17: ='1월'!N9 -> 0 | G17: ='2월'!$N8 -> 0 | H17: ='3월'!$N8 -> 0 | I17: ='4월'!$N8 -> 0 | J17: ='5월'!$N8 -> 0 | K17: ='6월'!$N8 -> 0 | L17: ='7월'!$N8 -> 0 | M17: ='8월'!$N8 -> 0 | N17: ='9월'!$N8 -> 0 | O17: ='10월'!$N8 -> 0 | P17: ='11월'!$N8 -> 0 | Q17: ='12월'!$N8 -> 0 | R17: =AVERAGE(F17:Q17) -> 0 | S17: =E17/E34 -> #DIV/0!
B18: 기타 | C18: 필름백 소형백 | D18: 출고수량 | E18: =SUM(F18:Q18) -> 0 | F18: ='1월'!L10 -> 0 | G18: ='2월'!$L9 -> 0 | H18: ='3월'!$L9 -> 0 | I18: ='4월'!$L9 -> 0 | J18: ='5월'!$L9 -> 0 | K18: ='6월'!$L9 -> 0 | L18: ='7월'!$L9 -> 0 | M18: ='8월'!$L9 -> 0 | N18: ='9월'!$L9 -> 0 | O18: ='10월'!$L9 -> 0 | P18: ='11월'!$L9 -> 0 | Q18: ='12월'!$L9 -> 0 | R18: =AVERAGE(F18:Q18) -> 0
D19: 매출액 | E19: =SUM(F19:Q19) -> 0 | F19: ='1월'!M10 -> 0 | G19: ='2월'!$M9 -> 0 | H19: ='3월'!$M9 -> 0 | I19: ='4월'!$M9 -> 0 | J19: ='5월'!$M9 -> 0 | K19: ='6월'!$M9 -> 0 | L19: ='7월'!$M9 -> 0 | M19: ='8월'!$M9 -> 0 | N19: ='9월'!$M9 -> 0 | O19: ='10월'!$M9 -> 0 | P19: ='11월'!$M9 -> 0 | Q19: ='12월'!$M9 -> 0 | R19: =AVERAGE(F19:Q19) -> 0 | S19: =E19/E33 -> #DIV/0!
D20: 이익 | E20: =SUM(F20:Q20) -> 0 | F20: ='1월'!N10 -> 0 | G20: ='2월'!$N9 -> 0 | H20: ='3월'!$N9 -> 0 | I20: ='4월'!$N9 -> 0 | J20: ='5월'!$N9 -> 0 | K20: ='6월'!$N9 -> 0 | L20: ='7월'!$N9 -> 0 | M20: ='8월'!$N9 -> 0 | N20: ='9월'!$N9 -> 0 | O20: ='10월'!$N9 -> 0 | P20: ='11월'!$N9 -> 0 | Q20: ='12월'!$N9 -> 0 | R20: =AVERAGE(F20:Q20) -> 0 | S20: =E20/E34 -> #DIV/0!
C21: 부자재 | D21: 출고수량 | E21: =SUM(F21:Q21) -> 0 | F21: ='1월'!L11 -> 0 | G21: ='2월'!$L10 -> 0 | H21: ='3월'!$L10 -> 0 | I21: ='4월'!$L10 -> 0 | J21: ='5월'!$L10 -> 0 | K21: ='6월'!$L10 -> 0 | L21: ='7월'!$L10 -> 0 | M21: ='8월'!$L10 -> 0 | N21: ='9월'!$L10 -> 0 | O21: ='10월'!$L10 -> 0 | P21: ='11월'!$L10 -> 0 | Q21: ='12월'!$L10 -> 0 | R21: =AVERAGE(F21:Q21) -> 0
D22: 매출액 | E22: =SUM(F22:Q22) -> 0 | F22: ='1월'!M11 -> 0 | G22: ='2월'!$M10 -> 0 | H22: ='3월'!$M10 -> 0 | I22: ='4월'!$M10 -> 0 | J22: ='5월'!$M10 -> 0 | K22: ='6월'!$M10 -> 0 | L22: ='7월'!$M10 -> 0 | M22: ='8월'!$M10 -> 0 | N22: ='9월'!$M10 -> 0 | O22: ='10월'!$M10 -> 0 | P22: ='11월'!$M10 -> 0 | Q22: ='12월'!$M10 -> 0 | R22: =AVERAGE(F22:Q22) -> 0 | S22: =E22/E33 -> #DIV/0!
D23: 이익 | E23: =SUM(F23:Q23) -> 0 | F23: ='1월'!N11 -> 0 | G23: ='2월'!$N10 -> 0 | H23: ='3월'!$N10 -> 0 | I23: ='4월'!$N10 -> 0 | J23: ='5월'!$N10 -> 0 | K23: ='6월'!$N10 -> 0 | L23: ='7월'!$N10 -> 0 | M23: ='8월'!$N10 -> 0 | N23: ='9월'!$N10 -> 0 | O23: ='10월'!$N10 -> 0 | P23: ='11월'!$N10 -> 0 | Q23: ='12월'!$N10 -> 0 | R23: =AVERAGE(F23:Q23) -> 0 | S23: =E23/E34 -> #DIV/0!
C24: 기타매출 | D24: 출고수량 | E24: =SUM(F24:Q24) -> 0 | F24: ='1월'!L12 -> 0 | G24: ='2월'!$L11 -> 0 | H24: ='3월'!$L11 -> 0 | I24: ='4월'!$L11 -> 0 | J24: ='5월'!$L11 -> 0 | K24: ='6월'!$L11 -> 0 | L24: ='7월'!$L11 -> 0 | M24: ='8월'!$L11 -> 0 | N24: ='9월'!$L11 -> 0 | O24: ='10월'!$L11 -> 0 | P24: ='11월'!$L11 -> 0 | Q24: ='12월'!$L11 -> 0 | R24: =AVERAGE(F24:Q24) -> 0
D25: 매출액 | E25: =SUM(F25:Q25) -> 0 | F25: ='1월'!M12 -> 0 | G25: ='2월'!$M11 -> 0 | H25: ='3월'!$M11 -> 0 | I25: ='4월'!$M11 -> 0 | J25: ='5월'!$M11 -> 0 | K25: ='6월'!$M11 -> 0 | L25: ='7월'!$M11 -> 0 | M25: ='8월'!$M11 -> 0 | N25: ='9월'!$M11 -> 0 | O25: ='10월'!$M11 -> 0 | P25: ='11월'!$M11 -> 0 | Q25: ='12월'!$M11 -> 0 | R25: =AVERAGE(F25:Q25) -> 0 | S25: =E25/E33 -> #DIV/0!
D26: 이익 | E26: =SUM(F26:Q26) -> 0 | F26: ='1월'!N12 -> 0 | G26: ='2월'!$N11 -> 0 | H26: ='3월'!$N11 -> 0 | I26: ='4월'!$N11 -> 0 | J26: ='5월'!$N11 -> 0 | K26: ='6월'!$N11 -> 0 | L26: ='7월'!$N11 -> 0 | M26: ='8월'!$N11 -> 0 | N26: ='9월'!$N11 -> 0 | O26: ='10월'!$N11 -> 0 | P26: ='11월'!$N11 -> 0 | Q26: ='12월'!$N11 -> 0 | R26: =AVERAGE(F26:Q26) -> 0 | S26: =E26/E34 -> #DIV/0!
D27: 출고수량 | E27: =SUM(F27:Q27) -> 0 | F27: ='1월'!L13 -> 0 | G27: ='2월'!$L12 -> 0 | H27: ='3월'!$L12 -> 0 | I27: ='4월'!$L12 -> 0 | J27: ='5월'!$L12 -> 0 | K27: ='6월'!$L12 -> 0 | L27: ='7월'!$L12 -> 0 | M27: ='8월'!$L12 -> 0 | N27: ='9월'!$L12 -> 0 | O27: ='10월'!$L12 -> 0 | P27: ='11월'!$L12 -> 0 | Q27: ='12월'!$L12 -> 0 | R27: =AVERAGE(F27:Q27) -> 0
D28: 매출액 | E28: =SUM(F28:Q28) -> 0 | F28: ='1월'!M13 -> 0 | G28: ='2월'!$M12 -> 0 | H28: ='3월'!$M12 -> 0 | I28: ='4월'!$M12 -> 0 | J28: ='5월'!$M12 -> 0 | K28: ='6월'!$M12 -> 0 | L28: ='7월'!$M12 -> 0 | M28: ='8월'!$M12 -> 0 | N28: ='9월'!$M12 -> 0 | O28: ='10월'!$M12 -> 0 | P28: ='11월'!$M12 -> 0 | Q28: ='12월'!$M12 -> 0 | R28: =AVERAGE(F28:Q28) -> 0 | S28: =E28/E33 -> #DIV/0!
D29: 이익 | E29: =SUM(F29:Q29) -> 0 | F29: ='1월'!N13 -> 0 | G29: ='2월'!$N12 -> 0 | H29: ='3월'!$N12 -> 0 | I29: ='4월'!$N12 -> 0 | J29: ='5월'!$N12 -> 0 | K29: ='6월'!$N12 -> 0 | L29: ='7월'!$N12 -> 0 | M29: ='8월'!$N12 -> 0 | N29: ='9월'!$N12 -> 0 | O29: ='10월'!$N12 -> 0 | P29: ='11월'!$N12 -> 0 | Q29: ='12월'!$N12 -> 0 | R29: =AVERAGE(F29:Q29) -> 0 | S29: =E29/E34 -> #DIV/0!
D30: 출고수량 | E30: =SUM(F30:Q30) -> 0 | F30: ='1월'!L14 -> 0 | G30: ='2월'!$L13 -> 0 | H30: ='3월'!$L13 -> 0 | I30: ='4월'!$L13 -> 0 | J30: ='5월'!$L13 -> 0 | K30: ='6월'!$L13 -> 0 | L30: ='7월'!$L13 -> 0 | M30: ='8월'!$L13 -> 0 | N30: ='9월'!$L13 -> 0 | O30: ='10월'!$L13 -> 0 | P30: ='11월'!$L13 -> 0 | Q30: ='12월'!$L13 -> 0 | R30: =AVERAGE(F30:Q30) -> 0
D31: 매출액 | E31: =SUM(F31:Q31) -> 0 | F31: ='1월'!M14 -> 0 | G31: ='2월'!$M13 -> 0 | H31: ='3월'!$M13 -> 0 | I31: ='4월'!$M13 -> 0 | J31: ='5월'!$M13 -> 0 | K31: ='6월'!$M13 -> 0 | L31: ='7월'!$M13 -> 0 | M31: ='8월'!$M13 -> 0 | N31: ='9월'!$M13 -> 0 | O31: ='10월'!$M13 -> 0 | P31: ='11월'!$M13 -> 0 | Q31: ='12월'!$M13 -> 0 | R31: =AVERAGE(F31:Q31) -> 0 | S31: =E31/E33 -> #DIV/0!
D32: 이익 | E32: =SUM(F32:Q32) -> 0 | F32: ='1월'!N14 -> 0 | G32: ='2월'!$N13 -> 0 | H32: ='3월'!$N13 -> 0 | I32: ='4월'!$N13 -> 0 | J32: ='5월'!$N13 -> 0 | K32: ='6월'!$N13 -> 0 | L32: ='7월'!$N13 -> 0 | M32: ='8월'!$N13 -> 0 | N32: ='9월'!$N13 -> 0 | O32: ='10월'!$N13 -> 0 | P32: ='11월'!$N13 -> 0 | Q32: ='12월'!$N13 -> 0 | R32: =AVERAGE(F32:Q32) -> 0 | S32: =E32/E34 -> #DIV/0!
B33: 합계 | D33: 총매출 | E33: =E4+E7+E10+E13+E16+E19+E22+E25+E28+E31 -> 0 | F33: =F4+F7+F10+F13+F16+F19+F22+F25+F28+F31 -> 0 | G33: =G4+G7+G10+G13+G16+G19+G22+G25+G28+G31 -> 0 | H33: =H4+H7+H10+H13+H16+H19+H22+H25+H28+H31 -> 0 | I33: =I4+I7+I10+I13+I16+I19+I22+I25+I28+I31 -> 0 | J33: =J4+J7+J10+J13+J16+J19+J22+J25+J28+J31 -> 0 | K33: =K4+K7+K10+K13+K16+K19+K22+K25+K28+K31 -> 0 | L33: =L4+L7+L10+L13+L16+L19+L22+L25+L28+L31 -> 0 | ... Q33: =Q4+Q7+Q10+Q13+Q16+Q19+Q22+Q25+Q28+Q31 -> 0
D34: 총이익 | E34: =E5+E8+E11+E14+E17+E20+E23+E26+E29+E32 -> 0 | F34: =F5+F8+F11+F14+F17+F20+F23+F26+F29+F32 -> 0 | G34: =G5+G8+G11+G14+G17+G20+G23+G26+G29+G32 -> 0 | H34: =H5+H8+H11+H14+H17+H20+H23+H26+H29+H32 -> 0 | I34: =I5+I8+I11+I14+I17+I20+I23+I26+I29+I32 -> 0 | J34: =J5+J8+J11+J14+J17+J20+J23+J26+J29+J32 -> 0 | K34: =K5+K8+K11+K14+K17+K20+K23+K26+K29+K32 -> 0 | L34: =L5+L8+L11+L14+L17+L20+L23+L26+L29+L32 -> 0 | ... Q34: =Q5+Q8+Q11+Q14+Q17+Q20+Q23+Q26+Q29+Q32 -> 0

Sheet 월별출고수량
C1: 월별 출고 수량 및 이익 분포표
B3: 월별출고수량 | D3: 1월 | E3: 2월 | F3: 3월 | G3: 4월 | H3: 5월 | I3: 6월 | J3: 7월 | K3: 8월 | L3: 9월 | M3: 10월 | N3: 11월 | O3: 12월
B4: 중포장(25kg) | D4: =SUMIF(매출성과표!D3:D8,"출고수량",매출성과표!F3:F8) -> 0 | E4: =SUMIF(매출성과표!D3:D8,"출고수량",매출성과표!G3:G8) -> 0 | F4: =SUMIF(매출성과표!D3:D8,"출고수량",매출성과표!H3:H8) -> 0 | G4: =SUMIF(매출성과표!D3:D8,"출고수량",매출성과표!I3:I8) -> 0 | H4: =SUMIF(매출성과표!D3:D8,"출고수량",매출성과표!J3:J8) -> 0 | I4: =SUMIF(매출성과표!D3:D8,"출고수량",매출성과표!K3:K8) -> 0 | J4: =SUMIF(매출성과표!D3:D8,"출고수량",매출성과표!L3:L8) -> 0 | K4: =SUMIF(매출성과표!D3:D8,"출고수량",매출성과표!M3:M8) -> 0 | L4: =SUMIF(매출성과표!D3:D8,"출고수량",매출성과표!N3:N8) -> 0 | M4: =SUMIF(매출성과표!D3:D8,"출고수량",매출성과표!O3:O8) -> 0 | N4: =SUMIF(매출성과표!D3:D8,"출고수량",매출성과표!P3:P8) -> 0 | O4: =SUMIF(매출성과표!D3:D8,"출고수량",매출성과표!Q3:Q8) -> 0
B5: 대포장(톤백) | D5: =SUMIF(매출성과표!D9:D17,"출고수량",매출성과표!F9:F17) -> 0 | E5: =SUMIF(매출성과표!D9:D17,"출고수량",매출성과표!G9:G17) -> 0 | F5: =SUMIF(매출성과표!D9:D17,"출고수량",매출성과표!H9:H17) -> 0 | G5: =SUMIF(매출성과표!D9:D17,"출고수량",매출성과표!I9:I17) -> 0 | H5: =SUMIF(매출성과표!D9:D17,"출고수량",매출성과표!J9:J17) -> 0 | I5: =SUMIF(매출성과표!D9:D17,"출고수량",매출성과표!K9:K17) -> 0 | J5: =SUMIF(매출성과표!D9:D17,"출고수량",매출성과표!L9:L17) -> 0 | K5: =SUMIF(매출성과표!D9:D17,"출고수량",매출성과표!M9:M17) -> 0 | L5: =SUMIF(매출성과표!D9:D17,"출고수량",매출성과표!N9:N17) -> 0 | M5: =SUMIF(매출성과표!D9:D17,"출고수량",매출성과표!O9:O17) -> 0 | N5: =SUMIF(매출성과표!D9:D17,"출고수량",매출성과표!P9:P17) -> 0 | O5: =SUMIF(매출성과표!D9:D17,"출고수량",매출성과표!Q9:Q17) -> 0
B18: 비중 | D18: =매출성과표!C3 -> 25kg | E18: =매출성과표!C6 -> 25kgAL | F18: =매출성과표!C9 -> 톤백 700미만 | G18: =매출성과표!C12 -> 톤백 700이상 | H18: =매출성과표!C15 -> 톤백 특수 | I18: =매출성과표!C18 -> 필름백 소형백 | J18: =매출성과표!C21 -> 부자재 | K18: =매출성과표!C24 -> 기타매출
B19: 총매출대비지분율 | D19: =매출성과표!S4 -> #DIV/0! | E19: =매출성과표!S7 -> #DIV/0! | F19: =매출성과표!S10 -> #DIV/0! | G19: =매출성과표!S13 -> #DIV/0! | H19: =매출성과표!S16 -> #DIV/0! | I19: =매출성과표!S19 -> #DIV/0! | J19: =매출성과표!S22 -> #DIV/0! | K19: =매출성과표!S25 -> #DIV/0!
B20: 총이익대비지분율 | D20: =매출성과표!S5 -> #DIV/0! | E20: =매출성과표!S8 -> #DIV/0! | F20: =매출성과표!S11 -> #DIV/0! | G20: =매출성과표!S14 -> #DIV/0! | H20: =매출성과표!S17 -> #DIV/0! | I20: =매출성과표!S20 -> #DIV/0! | J20: =매출성과표!S23 -> #DIV/0! | K20: =매출성과표!S26 -> #DIV/0!
B33: 이익/매출 | D33: =D18 -> 25kg | E33: =E18 -> 25kgAL | F33: =F18 -> 톤백 700미만 | G33: =G18 -> 톤백 700이상 | H33: =H18 -> 톤백 특수 | I33: =I18 -> 필름백 소형백 | J33: =J18 -> 부자재 | K33: =K18 -> 기타매출
B34: 종목별 이윤 | D34: =매출성과표!E5/매출성과표!E4 -> #DIV/0! | E34: =매출성과표!E8/매출성과표!E7 -> #DIV/0! | F34: =매출성과표!E11/매출성과표!E10 -> #DIV/0! | G34: =매출성과표!E14/매출성과표!E13 -> #DIV/0! | H34: =매출성과표!E17/매출성과표!E16 -> #DIV/0! | I34: =매출성과표!E20/매출성과표!E19 -> #DIV/0! | J34: =매출성과표!E23/매출성과표!E22 -> #DIV/0! | K34: =매출성과표!E26/매출성과표!E25 -> #DIV/0!
N37: 평균
N38: =AVERAGE(D34:J34) -> #DIV/0!

Sheet 1월
A2: 거래처 | B2: class | C2: 품목 | D2: 수량 | E2: 매출액 | F2: 이익 | J2: 2026년 1월 내역
L3: 1월 총계
L4: 총수량 | M4: 총매출 | N4: 총이윤
J5: A | K5: 25kg | L5: {=SUM(IF(B:B="a",D:D))} -> 0 | M5: {=SUM(IF(B:B="a",E:E))} -> 0 | N5: {=SUM(IF(B:B="a",F:F))} -> 0
J6: B | K6: 25kgAL | L6: {=SUM(IF(B:B="b",D:D))} -> 0 | M6: {=SUM(IF(B:B="b",E:E))} -> 0 | N6: {=SUM(IF(B:B="b",F:F))} -> 0
J7: C | K7: 톤백 700미만 | L7: {=SUM(IF(B:B="c",D:D))} -> 0 | M7: {=SUM(IF(B:B="c",E:E))} -> 0 | N7: {=SUM(IF(B:B="c",F:F))} -> 0
J8: D | K8: 톤백 700이상 | L8: {=SUM(IF(B:B="d",D:D))} -> 0 | M8: {=SUM(IF(B:B="d",E:E))} -> 0 | N8: {=SUM(IF(B:B="d",F:F))} -> 0
J9: E | K9: 톤백 특수 | L9: {=SUM(IF(B:B="e",D:D))} -> 0 | M9: {=SUM(IF(B:B="e",E:E))} -> 0 | N9: {=SUM(IF(B:B="e",F:F))} -> 0
J10: F | K10: 필름백 소형백 | L10: {=SUM(IF(B:B="f",D:D))} -> 0 | M10: {=SUM(IF(B:B="f",E:E))} -> 0 | N10: {=SUM(IF(B:B="f",F:F))} -> 0
J11: G | K11: 부자재 | L11: {=SUM(IF(B:B="g",D:D))} -> 0 | M11: {=SUM(IF(B:B="g",E:E))} -> 0 | N11: {=SUM(IF(B:B="g",F:F))} -> 0
J12: H | K12: 기타매출 | L12: {=SUM(IF(B:B="h",D:D))} -> 0 | M12: {=SUM(IF(B:B="h",E:E))} -> 0 | N12: {=SUM(IF(B:B="h",F:F))} -> 0
K15: 합계 | L15: =SUM(L5:L14) -> 0 | M15: =SUM(M5:M14) -> 0 | N15: =SUM(N5:N14) -> 0

Sheet 2월
A1: 거래처 | B1: class | C1: 품목 | D1: 수량 | E1: 매출액 | F1: 이익 | J1: 2026년 2월 내역
L2: 2월 총계
L3: 총수량 | M3: 총매출 | N3: 총이윤
J4: A | K4: 25kg | L4: {=SUM(IF(B:B="a",D:D))} -> 0 | M4: {=SUM(IF(B:B="a",E:E))} -> 0 | N4: {=SUM(IF(B:B="a",F:F))} -> 0
J5: B | K5: 25kgAL | L5: {=SUM(IF(B:B="b",D:D))} -> 0 | M5: {=SUM(IF(B:B="b",E:E))} -> 0 | N5: {=SUM(IF(B:B="b",F:F))} -> 0
J6: C | K6: 톤백 700미만 | L6: {=SUM(IF(B:B="c",D:D))} -> 0 | M6: {=SUM(IF(B:B="c",E:E))} -> 0 | N6: {=SUM(IF(B:B="c",F:F))} -> 0
J7: D | K7: 톤백 700이상 | L7: {=SUM(IF(B:B="d",D:D))} -> 0 | M7: {=SUM(IF(B:B="d",E:E))} -> 0 | N7: {=SUM(IF(B:B="d",F:F))} -> 0
J8: E | K8: 톤백 특수 | L8: {=SUM(IF(B:B="e",D:D))} -> 0 | M8: {=SUM(IF(B:B="e",E:E))} -> 0 | N8: {=SUM(IF(B:B="e",F:F))} -> 0
J9: F | K9: 필름백 소형백 | L9: {=SUM(IF(B:B="f",D:D))} -> 0 | M9: {=SUM(IF(B:B="f",E:E))} -> 0 | N9: {=SUM(IF(B:B="f",F:F))} -> 0
J10: G | K10: 부자재 | L10: {=SUM(IF(B:B="g",D:D))} -> 0 | M10: {=SUM(IF(B:B="g",E:E))} -> 0 | N10: {=SUM(IF(B:B="g",F:F))} -> 0
J11: H | K11: 기타매출 | L11: {=SUM(IF(B:B="h",D:D))} -> 0 | M11: {=SUM(IF(B:B="h",E:E))} -> 0 | N11: {=SUM(IF(B:B="h",F:F))} -> 0
K14: 합계 | L14: =SUM(L4:L13) -> 0 | M14: =SUM(M4:M13) -> 0 | N14: =SUM(N4:N13) -> 0

Sheet 3월
A1: 거래처 | B1: class | C1: 품목 | D1: 수량 | E1: 매출액 | F1: 이익 | J1: 2026년 3월 내역
L2: 3월 총계
L3: 총수량 | M3: 총매출 | N3: 총이윤
J4: A | K4: 25kg | L4: {=SUM(IF(B:B="a",D:D))} -> 0 | M4: {=SUM(IF(B:B="a",E:E))} -> 0 | N4: {=SUM(IF(B:B="a",F:F))} -> 0
J5: B | K5: 25kgAL | L5: {=SUM(IF(B:B="b",D:D))} -> 0 | M5: {=SUM(IF(B:B="b",E:E))} -> 0 | N5: {=SUM(IF(B:B="b",F:F))} -> 0
J6: C | K6: 톤백 700미만 | L6: {=SUM(IF(B:B="c",D:D))} -> 0 | M6: {=SUM(IF(B:B="c",E:E))} -> 0 | N6: {=SUM(IF(B:B="c",F:F))} -> 0
J7: D | K7: 톤백 700이상 | L7: {=SUM(IF(B:B="d",D:D))} -> 0 | M7: {=SUM(IF(B:B="d",E:E))} -> 0 | N7: {=SUM(IF(B:B="d",F:F))} -> 0
J8: E | K8: 톤백 특수 | L8: {=SUM(IF(B:B="e",D:D))} -> 0 | M8: {=SUM(IF(B:B="e",E:E))} -> 0 | N8: {=SUM(IF(B:B="e",F:F))} -> 0
J9: F | K9: 필름백 소형백 | L9: {=SUM(IF(B:B="f",D:D))} -> 0 | M9: {=SUM(IF(B:B="f",E:E))} -> 0 | N9: {=SUM(IF(B:B="f",F:F))} -> 0
J10: G | K10: 부자재 | L10: {=SUM(IF(B:B="g",D:D))} -> 0 | M10: {=SUM(IF(B:B="g",E:E))} -> 0 | N10: {=SUM(IF(B:B="g",F:F))} -> 0
J11: H | K11: 기타매출 | L11: {=SUM(IF(B:B="h",D:D))} -> 0 | M11: {=SUM(IF(B:B="h",E:E))} -> 0 | N11: {=SUM(IF(B:B="h",F:F))} -> 0
K14: 합계 | L14: =SUM(L4:L13) -> 0 | M14: =SUM(M4:M13) -> 0 | N14: =SUM(N4:N13) -> 0

Sheet 4월
A1: 거래처 | B1: class | C1: 품목 | D1: 수량 | E1: 매출액 | F1: 이익 | J1: 2026년 4월 내역
L2: 4월 총계
L3: 총수량 | M3: 총매출 | N3: 총이윤
J4: A | K4: 25kg | L4: {=SUM(IF(B:B="a",D:D))} -> 0 | M4: {=SUM(IF(B:B="a",E:E))} -> 0 | N4: {=SUM(IF(B:B="a",F:F))} -> 0
J5: B | K5: 25kgAL | L5: {=SUM(IF(B:B="b",D:D))} -> 0 | M5: {=SUM(IF(B:B="b",E:E))} -> 0 | N5: {=SUM(IF(B:B="b",F:F))} -> 0
J6: C | K6: 톤백 700미만 | L6: {=SUM(IF(B:B="c",D:D))} -> 0 | M6: {=SUM(IF(B:B="c",E:E))} -> 0 | N6: {=SUM(IF(B:B="c",F:F))} -> 0
J7: D | K7: 톤백 700이상 | L7: {=SUM(IF(B:B="d",D:D))} -> 0 | M7: {=SUM(IF(B:B="d",E:E))} -> 0 | N7: {=SUM(IF(B:B="d",F:F))} -> 0
J8: E | K8: 톤백 특수 | L8: {=SUM(IF(B:B="e",D:D))} -> 0 | M8: {=SUM(IF(B:B="e",E:E))} -> 0 | N8: {=SUM(IF(B:B="e",F:F))} -> 0
J9: F | K9: 필름백 소형백 | L9: {=SUM(IF(B:B="f",D:D))} -> 0 | M9: {=SUM(IF(B:B="f",E:E))} -> 0 | N9: {=SUM(IF(B:B="f",F:F))} -> 0
J10: G | K10: 부자재 | L10: {=SUM(IF(B:B="g",D:D))} -> 0 | M10: {=SUM(IF(B:B="g",E:E))} -> 0 | N10: {=SUM(IF(B:B="g",F:F))} -> 0
J11: H | K11: 기타매출 | L11: {=SUM(IF(B:B="h",D:D))} -> 0 | M11: {=SUM(IF(B:B="h",E:E))} -> 0 | N11: {=SUM(IF(B:B="h",F:F))} -> 0
K14: 합계 | L14: =SUM(L4:L13) -> 0 | M14: =SUM(M4:M13) -> 0 | N14: =SUM(N4:N13) -> 0

Sheet 5월
A1: 거래처 | B1: class | C1: 품목 | D1: 수량 | E1: 매출액 | F1: 이익 | J1: 2026년 5월 내역
L2: 5월 총계
L3: 총수량 | M3: 총매출 | N3: 총이윤
J4: A | K4: 25kg | L4: {=SUM(IF(B:B="a",D:D))} -> 0 | M4: {=SUM(IF(B:B="a",E:E))} -> 0 | N4: {=SUM(IF(B:B="a",F:F))} -> 0
J5: B | K5: 25kgAL | L5: {=SUM(IF(B:B="b",D:D))} -> 0 | M5: {=SUM(IF(B:B="b",E:E))} -> 0 | N5: {=SUM(IF(B:B="b",F:F))} -> 0
J6: C | K6: 톤백 700미만 | L6: {=SUM(IF(B:B="c",D:D))} -> 0 | M6: {=SUM(IF(B:B="c",E:E))} -> 0 | N6: {=SUM(IF(B:B="c",F:F))} -> 0
J7: D | K7: 톤백 700이상 | L7: {=SUM(IF(B:B="d",D:D))} -> 0 | M7: {=SUM(IF(B:B="d",E:E))} -> 0 | N7: {=SUM(IF(B:B="d",F:F))} -> 0
J8: E | K8: 톤백 특수 | L8: {=SUM(IF(B:B="e",D:D))} -> 0 | M8: {=SUM(IF(B:B="e",E:E))} -> 0 | N8: {=SUM(IF(B:B="e",F:F))} -> 0
J9: F | K9: 필름백 소형백 | L9: {=SUM(IF(B:B="f",D:D))} -> 0 | M9: {=SUM(IF(B:B="f",E:E))} -> 0 | N9: {=SUM(IF(B:B="f",F:F))} -> 0
J10: G | K10: 부자재 | L10: {=SUM(IF(B:B="g",D:D))} -> 0 | M10: {=SUM(IF(B:B="g",E:E))} -> 0 | N10: {=SUM(IF(B:B="g",F:F))} -> 0
J11: H | K11: 기타매출 | L11: {=SUM(IF(B:B="h",D:D))} -> 0 | M11: {=SUM(IF(B:B="h",E:E))} -> 0 | N11: {=SUM(IF(B:B="h",F:F))} -> 0
K14: 합계 | L14: =SUM(L4:L13) -> 0 | M14: =SUM(M4:M13) -> 0 | N14: =SUM(N4:N13) -> 0

Sheet 6월
A1: 거래처 | B1: class | C1: 품목 | D1: 수량 | E1: 매출액 | F1: 이익 | J1: 2026년 6월 내역
L2: 6월 총계
L3: 총수량 | M3: 총매출 | N3: 총이윤
J4: A | K4: 25kg | L4: {=SUM(IF(B:B="a",D:D))} -> 0 | M4: {=SUM(IF(B:B="a",E:E))} -> 0 | N4: {=SUM(IF(B:B="a",F:F))} -> 0
J5: B | K5: 25kgAL | L5: {=SUM(IF(B:B="b",D:D))} -> 0 | M5: {=SUM(IF(B:B="b",E:E))} -> 0 | N5: {=SUM(IF(B:B="b",F:F))} -> 0
J6: C | K6: 톤백 700미만 | L6: {=SUM(IF(B:B="c",D:D))} -> 0 | M6: {=SUM(IF(B:B="c",E:E))} -> 0 | N6: {=SUM(IF(B:B="c",F:F))} -> 0
J7: D | K7: 톤백 700이상 | L7: {=SUM(IF(B:B="d",D:D))} -> 0 | M7: {=SUM(IF(B:B="d",E:E))} -> 0 | N7: {=SUM(IF(B:B="d",F:F))} -> 0
J8: E | K8: 톤백 특수 | L8: {=SUM(IF(B:B="e",D:D))} -> 0 | M8: {=SUM(IF(B:B="e",E:E))} -> 0 | N8: {=SUM(IF(B:B="e",F:F))} -> 0
J9: F | K9: 필름백 소형백 | L9: {=SUM(IF(B:B="f",D:D))} -> 0 | M9: {=SUM(IF(B:B="f",E:E))} -> 0 | N9: {=SUM(IF(B:B="f",F:F))} -> 0
J10: G | K10: 부자재 | L10: {=SUM(IF(B:B="g",D:D))} -> 0 | M10: {=SUM(IF(B:B="g",E:E))} -> 0 | N10: {=SUM(IF(B:B="g",F:F))} -> 0
J11: H | K11: 기타매출 | L11: {=SUM(IF(B:B="h",D:D))} -> 0 | M11: {=SUM(IF(B:B="h",E:E))} -> 0 | N11: {=SUM(IF(B:B="h",F:F))} -> 0
K14: 합계 | L14: =SUM(L4:L13) -> 0 | M14: =SUM(M4:M13) -> 0 | N14: =SUM(N4:N13) -> 0

Sheet 7월
A1: 거래처 | B1: class | C1: 품목 | D1: 수량 | E1: 매출액 | F1: 이익 | J1: 2026년 7월 내역
L2: 7월 총계
L3: 총수량 | M3: 총매출 | N3: 총이윤
J4: A | K4: 25kg | L4: {=SUM(IF(B:B="a",D:D))} -> 0 | M4: {=SUM(IF(B:B="a",E:E))} -> 0 | N4: {=SUM(IF(B:B="a",F:F))} -> 0
J5: B | K5: 25kgAL | L5: {=SUM(IF(B:B="b",D:D))} -> 0 | M5: {=SUM(IF(B:B="b",E:E))} -> 0 | N5: {=SUM(IF(B:B="b",F:F))} -> 0
J6: C | K6: 톤백 700미만 | L6: {=SUM(IF(B:B="c",D:D))} -> 0 | M6: {=SUM(IF(B:B="c",E:E))} -> 0 | N6: {=SUM(IF(B:B="c",F:F))} -> 0
J7: D | K7: 톤백 700이상 | L7: {=SUM(IF(B:B="d",D:D))} -> 0 | M7: {=SUM(IF(B:B="d",E:E))} -> 0 | N7: {=SUM(IF(B:B="d",F:F))} -> 0
J8: E | K8: 톤백 특수 | L8: {=SUM(IF(B:B="e",D:D))} -> 0 | M8: {=SUM(IF(B:B="e",E:E))} -> 0 | N8: {=SUM(IF(B:B="e",F:F))} -> 0
J9: F | K9: 필름백 소형백 | L9: {=SUM(IF(B:B="f",D:D))} -> 0 | M9: {=SUM(IF(B:B="f",E:E))} -> 0 | N9: {=SUM(IF(B:B="f",F:F))} -> 0
J10: G | K10: 부자재 | L10: {=SUM(IF(B:B="g",D:D))} -> 0 | M10: {=SUM(IF(B:B="g",E:E))} -> 0 | N10: {=SUM(IF(B:B="g",F:F))} -> 0
J11: H | K11: 기타매출 | L11: {=SUM(IF(B:B="h",D:D))} -> 0 | M11: {=SUM(IF(B:B="h",E:E))} -> 0 | N11: {=SUM(IF(B:B="h",F:F))} -> 0
K14: 합계 | L14: =SUM(L4:L13) -> 0 | M14: =SUM(M4:M13) -> 0 | N14: =SUM(N4:N13) -> 0

Sheet 8월
A1: 거래처 | B1: class | C1: 품목 | D1: 수량 | E1: 매출액 | F1: 이익 | J1: 2026년 8월 내역
L2: 8월 총계
L3: 총수량 | M3: 총매출 | N3: 총이윤
J4: A | K4: 25kg | L4: {=SUM(IF(B:B="a",D:D))} -> 0 | M4: {=SUM(IF(B:B="a",E:E))} -> 0 | N4: {=SUM(IF(B:B="a",F:F))} -> 0
J5: B | K5: 25kgAL | L5: {=SUM(IF(B:B="b",D:D))} -> 0 | M5: {=SUM(IF(B:B="b",E:E))} -> 0 | N5: {=SUM(IF(B:B="b",F:F))} -> 0
J6: C | K6: 톤백 700미만 | L6: {=SUM(IF(B:B="c",D:D))} -> 0 | M6: {=SUM(IF(B:B="c",E:E))} -> 0 | N6: {=SUM(IF(B:B="c",F:F))} -> 0
J7: D | K7: 톤백 700이상 | L7: {=SUM(IF(B:B="d",D:D))} -> 0 | M7: {=SUM(IF(B:B="d",E:E))} -> 0 | N7: {=SUM(IF(B:B="d",F:F))} -> 0
J8: E | K8: 톤백 특수 | L8: {=SUM(IF(B:B="e",D:D))} -> 0 | M8: {=SUM(IF(B:B="e",E:E))} -> 0 | N8: {=SUM(IF(B:B="e",F:F))} -> 0
J9: F | K9: 필름백 소형백 | L9: {=SUM(IF(B:B="f",D:D))} -> 0 | M9: {=SUM(IF(B:B="f",E:E))} -> 0 | N9: {=SUM(IF(B:B="f",F:F))} -> 0
J10: G | K10: 부자재 | L10: {=SUM(IF(B:B="g",D:D))} -> 0 | M10: {=SUM(IF(B:B="g",E:E))} -> 0 | N10: {=SUM(IF(B:B="g",F:F))} -> 0
J11: H | K11: 기타매출 | L11: {=SUM(IF(B:B="h",D:D))} -> 0 | M11: {=SUM(IF(B:B="h",E:E))} -> 0 | N11: {=SUM(IF(B:B="h",F:F))} -> 0
K14: 합계 | L14: =SUM(L4:L13) -> 0 | M14: =SUM(M4:M13) -> 0 | N14: =SUM(N4:N13) -> 0

Sheet 9월
A1: 거래처 | B1: class | C1: 품목 | D1: 수량 | E1: 매출액 | F1: 이익 | J1: 2026년 9월 내역
L2: 9월 총계
L3: 총수량 | M3: 총매출 | N3: 총이윤
J4: A | K4: 25kg | L4: {=SUM(IF(B:B="a",D:D))} -> 0 | M4: {=SUM(IF(B:B="a",E:E))} -> 0 | N4: {=SUM(IF(B:B="a",F:F))} -> 0
J5: B | K5: 25kgAL | L5: {=SUM(IF(B:B="b",D:D))} -> 0 | M5: {=SUM(IF(B:B="b",E:E))} -> 0 | N5: {=SUM(IF(B:B="b",F:F))} -> 0
J6: C | K6: 톤백 700미만 | L6: {=SUM(IF(B:B="c",D:D))} -> 0 | M6: {=SUM(IF(B:B="c",E:E))} -> 0 | N6: {=SUM(IF(B:B="c",F:F))} -> 0
J7: D | K7: 톤백 700이상 | L7: {=SUM(IF(B:B="d",D:D))} -> 0 | M7: {=SUM(IF(B:B="d",E:E))} -> 0 | N7: {=SUM(IF(B:B="d",F:F))} -> 0
J8: E | K8: 톤백 특수 | L8: {=SUM(IF(B:B="e",D:D))} -> 0 | M8: {=SUM(IF(B:B="e",E:E))} -> 0 | N8: {=SUM(IF(B:B="e",F:F))} -> 0
J9: F | K9: 필름백 소형백 | L9: {=SUM(IF(B:B="f",D:D))} -> 0 | M9: {=SUM(IF(B:B="f",E:E))} -> 0 | N9: {=SUM(IF(B:B="f",F:F))} -> 0
J10: G | K10: 부자재 | L10: {=SUM(IF(B:B="g",D:D))} -> 0 | M10: {=SUM(IF(B:B="g",E:E))} -> 0 | N10: {=SUM(IF(B:B="g",F:F))} -> 0
J11: H | K11: 기타매출 | L11: {=SUM(IF(B:B="h",D:D))} -> 0 | M11: {=SUM(IF(B:B="h",E:E))} -> 0 | N11: {=SUM(IF(B:B="h",F:F))} -> 0
K14: 합계 | L14: =SUM(L4:L13) -> 0 | M14: =SUM(M4:M13) -> 0 | N14: =SUM(N4:N13) -> 0

Sheet 10월
A1: 거래처 | B1: class | C1: 품목 | D1: 수량 | E1: 매출액 | F1: 이익 | J1: 2026년 10월 내역
L2: 10월 총계
L3: 총수량 | M3: 총매출 | N3: 총이윤
J4: A | K4: 25kg | L4: {=SUM(IF(B:B="a",D:D))} -> 0 | M4: {=SUM(IF(B:B="a",E:E))} -> 0 | N4: {=SUM(IF(B:B="a",F:F))} -> 0
J5: B | K5: 25kgAL | L5: {=SUM(IF(B:B="b",D:D))} -> 0 | M5: {=SUM(IF(B:B="b",E:E))} -> 0 | N5: {=SUM(IF(B:B="b",F:F))} -> 0
J6: C | K6: 톤백 700미만 | L6: {=SUM(IF(B:B="c",D:D))} -> 0 | M6: {=SUM(IF(B:B="c",E:E))} -> 0 | N6: {=SUM(IF(B:B="c",F:F))} -> 0
J7: D | K7: 톤백 700이상 | L7: {=SUM(IF(B:B="d",D:D))} -> 0 | M7: {=SUM(IF(B:B="d",E:E))} -> 0 | N7: {=SUM(IF(B:B="d",F:F))} -> 0
J8: E | K8: 톤백 특수 | L8: {=SUM(IF(B:B="e",D:D))} -> 0 | M8: {=SUM(IF(B:B="e",E:E))} -> 0 | N8: {=SUM(IF(B:B="e",F:F))} -> 0
J9: F | K9: 필름백 소형백 | L9: {=SUM(IF(B:B="f",D:D))} -> 0 | M9: {=SUM(IF(B:B="f",E:E))} -> 0 | N9: {=SUM(IF(B:B="f",F:F))} -> 0
J10: G | K10: 부자재 | L10: {=SUM(IF(B:B="g",D:D))} -> 0 | M10: {=SUM(IF(B:B="g",E:E))} -> 0 | N10: {=SUM(IF(B:B="g",F:F))} -> 0
J11: H | K11: 기타매출 | L11: {=SUM(IF(B:B="h",D:D))} -> 0 | M11: {=SUM(IF(B:B="h",E:E))} -> 0 | N11: {=SUM(IF(B:B="h",F:F))} -> 0
K14: 합계 | L14: =SUM(L4:L13) -> 0 | M14: =SUM(M4:M13) -> 0 | N14: =SUM(N4:N13) -> 0

Sheet 11월
A1: 거래처 | B1: class | C1: 품목 | D1: 수량 | E1: 매출액 | F1: 이익 | J1: 2026년 11월 내역
L2: 11월 총계
L3: 총수량 | M3: 총매출 | N3: 총이윤
J4: A | K4: 25kg | L4: {=SUM(IF(B:B="a",D:D))} -> 0 | M4: {=SUM(IF(B:B="a",E:E))} -> 0 | N4: {=SUM(IF(B:B="a",F:F))} -> 0
J5: B | K5: 25kgAL | L5: {=SUM(IF(B:B="b",D:D))} -> 0 | M5: {=SUM(IF(B:B="b",E:E))} -> 0 | N5: {=SUM(IF(B:B="b",F:F))} -> 0
J6: C | K6: 톤백 700미만 | L6: {=SUM(IF(B:B="c",D:D))} -> 0 | M6: {=SUM(IF(B:B="c",E:E))} -> 0 | N6: {=SUM(IF(B:B="c",F:F))} -> 0
J7: D | K7: 톤백 700이상 | L7: {=SUM(IF(B:B="d",D:D))} -> 0 | M7: {=SUM(IF(B:B="d",E:E))} -> 0 | N7: {=SUM(IF(B:B="d",F:F))} -> 0
J8: E | K8: 톤백 특수 | L8: {=SUM(IF(B:B="e",D:D))} -> 0 | M8: {=SUM(IF(B:B="e",E:E))} -> 0 | N8: {=SUM(IF(B:B="e",F:F))} -> 0
J9: F | K9: 필름백 소형백 | L9: {=SUM(IF(B:B="f",D:D))} -> 0 | M9: {=SUM(IF(B:B="f",E:E))} -> 0 | N9: {=SUM(IF(B:B="f",F:F))} -> 0
J10: G | K10: 부자재 | L10: {=SUM(IF(B:B="g",D:D))} -> 0 | M10: {=SUM(IF(B:B="g",E:E))} -> 0 | N10: {=SUM(IF(B:B="g",F:F))} -> 0
J11: H | K11: 기타매출 | L11: {=SUM(IF(B:B="h",D:D))} -> 0 | M11: {=SUM(IF(B:B="h",E:E))} -> 0 | N11: {=SUM(IF(B:B="h",F:F))} -> 0
K14: 합계 | L14: =SUM(L4:L13) -> 0 | M14: =SUM(M4:M13) -> 0 | N14: =SUM(N4:N13) -> 0

Sheet 12월
A1: 거래처 | B1: class | C1: 품목 | D1: 수량 | E1: 매출액 | F1: 이익 | J1: 2026년 12월 내역
L2: 12월 총계
L3: 총수량 | M3: 총매출 | N3: 총이윤
J4: A | K4: 25kg | L4: {=SUM(IF(B:B="a",D:D))} -> 0 | M4: {=SUM(IF(B:B="a",E:E))} -> 0 | N4: {=SUM(IF(B:B="a",F:F))} -> 0
J5: B | K5: 25kgAL | L5: {=SUM(IF(B:B="b",D:D))} -> 0 | M5: {=SUM(IF(B:B="b",E:E))} -> 0 | N5: {=SUM(IF(B:B="b",F:F))} -> 0
J6: C | K6: 톤백 700미만 | L6: {=SUM(IF(B:B="c",D:D))} -> 0 | M6: {=SUM(IF(B:B="c",E:E))} -> 0 | N6: {=SUM(IF(B:B="c",F:F))} -> 0
J7: D | K7: 톤백 700이상 | L7: {=SUM(IF(B:B="d",D:D))} -> 0 | M7: {=SUM(IF(B:B="d",E:E))} -> 0 | N7: {=SUM(IF(B:B="d",F:F))} -> 0
J8: E | K8: 톤백 특수 | L8: {=SUM(IF(B:B="e",D:D))} -> 0 | M8: {=SUM(IF(B:B="e",E:E))} -> 0 | N8: {=SUM(IF(B:B="e",F:F))} -> 0
J9: F | K9: 필름백 소형백 | L9: {=SUM(IF(B:B="f",D:D))} -> 0 | M9: {=SUM(IF(B:B="f",E:E))} -> 0 | N9: {=SUM(IF(B:B="f",F:F))} -> 0
J10: G | K10: 부자재 | L10: {=SUM(IF(B:B="g",D:D))} -> 0 | M10: {=SUM(IF(B:B="g",E:E))} -> 0 | N10: {=SUM(IF(B:B="g",F:F))} -> 0
J11: H | K11: 기타매출 | L11: {=SUM(IF(B:B="h",D:D))} -> 0 | M11: {=SUM(IF(B:B="h",E:E))} -> 0 | N11: {=SUM(IF(B:B="h",F:F))} -> 0
K14: 합계 | L14: =SUM(L4:L13) -> 0 | M14: =SUM(M4:M13) -> 0 | N14: =SUM(N4:N13) -> 0
